<?xml version="1.0" encoding="utf-8"?>
<SnapshotClass xmlns:xsi="http://www.w3.org/2001/XMLSchema-instance" xmlns:xsd="http://www.w3.org/2001/XMLSchema">
  <jointRotations>
    <Quaternion>
      <x>0</x>
      <y>0</y>
      <z>0</z>
      <w>0</w>
      <eulerAngles>
        <x>0</x>
        <y>0</y>
        <z>0</z>
      </eulerAngles>
    </Quaternion>
    <Quaternion>
      <x>0.167334154</x>
      <y>-0.0109354462</y>
      <z>-0.06428842</z>
      <w>0.983741164</w>
      <eulerAngles>
        <x>19.13657</x>
        <y>357.389435</y>
        <z>352.081848</z>
      </eulerAngles>
    </Quaternion>
    <Quaternion>
      <x>0.176243708</x>
      <y>0.1684002</y>
      <z>-0.03273951</z>
      <w>0.969282031</w>
      <eulerAngles>
        <x>20.6517162</x>
        <y>19.6662</y>
        <z>359.748444</z>
      </eulerAngles>
    </Quaternion>
    <Quaternion>
      <x>0.110030666</x>
      <y>0.159050792</y>
      <z>0.009420378</z>
      <w>0.981074631</w>
      <eulerAngles>
        <x>12.2923517</x>
        <y>18.7552223</y>
        <z>3.13794446</z>
      </eulerAngles>
    </Quaternion>
    <Quaternion>
      <x>0.135095641</x>
      <y>0.162361175</y>
      <z>0.0131721087</z>
      <w>0.9773508</w>
      <eulerAngles>
        <x>15.05786</x>
        <y>19.4107323</y>
        <z>4.13412237</z>
      </eulerAngles>
    </Quaternion>
    <Quaternion>
      <x>0</x>
      <y>0</y>
      <z>0</z>
      <w>0</w>
      <eulerAngles>
        <x>0</x>
        <y>0</y>
        <z>0</z>
      </eulerAngles>
    </Quaternion>
    <Quaternion>
      <x>0.299268872</x>
      <y>0.203983188</y>
      <z>-0.157312647</z>
      <w>0.9187392</w>
      <eulerAngles>
        <x>37.8849869</x>
        <y>20.8303452</y>
        <z>347.786652</z>
      </eulerAngles>
    </Quaternion>
    <Quaternion>
      <x>0.176169142</x>
      <y>0.3164418</y>
      <z>-0.5522446</z>
      <w>0.7509028</w>
      <eulerAngles>
        <x>37.8849831</x>
        <y>20.8303452</y>
        <z>294.554749</z>
      </eulerAngles>
    </Quaternion>
    <Quaternion>
      <x>-0.388636053</x>
      <y>0.5719468</y>
      <z>-0.3525306</z>
      <w>0.6305245</w>
      <eulerAngles>
        <x>355.018646</x>
        <y>87.48716</y>
        <z>296.8125</z>
      </eulerAngles>
    </Quaternion>
    <Quaternion>
      <x>-0.388636053</x>
      <y>0.5719468</y>
      <z>-0.3525306</z>
      <w>0.6305245</w>
      <eulerAngles>
        <x>355.018646</x>
        <y>87.48716</y>
        <z>296.8125</z>
      </eulerAngles>
    </Quaternion>
    <Quaternion>
      <x>0</x>
      <y>0</y>
      <z>0</z>
      <w>0</w>
      <eulerAngles>
        <x>0</x>
        <y>0</y>
        <z>0</z>
      </eulerAngles>
    </Quaternion>
    <Quaternion>
      <x>0</x>
      <y>0</y>
      <z>0</z>
      <w>0</w>
      <eulerAngles>
        <x>0</x>
        <y>0</y>
        <z>0</z>
      </eulerAngles>
    </Quaternion>
    <Quaternion>
      <x>0.283485621</x>
      <y>-0.108243965</y>
      <z>0.329447329</z>
      <w>0.8940826</w>
      <eulerAngles>
        <x>35.3268852</x>
        <y>359.5245</y>
        <z>40.3037758</z>
      </eulerAngles>
    </Quaternion>
    <Quaternion>
      <x>0.234283358</x>
      <y>-0.192852616</y>
      <z>0.596914947</z>
      <w>0.7427057</w>
      <eulerAngles>
        <x>35.3268776</x>
        <y>359.5245</y>
        <z>77.42648</z>
      </eulerAngles>
    </Quaternion>
    <Quaternion>
      <x>0.6679202</x>
      <y>0.295898974</y>
      <z>0.597390652</z>
      <w>0.330833584</w>
      <eulerAngles>
        <x>5.071929</x>
        <y>93.87683</y>
        <z>127.471588</z>
      </eulerAngles>
    </Quaternion>
    <Quaternion>
      <x>0.6679202</x>
      <y>0.295898974</y>
      <z>0.597390652</z>
      <w>0.330833584</w>
      <eulerAngles>
        <x>5.071929</x>
        <y>93.87683</y>
        <z>127.471588</z>
      </eulerAngles>
    </Quaternion>
    <Quaternion>
      <x>0</x>
      <y>0</y>
      <z>0</z>
      <w>0</w>
      <eulerAngles>
        <x>0</x>
        <y>0</y>
        <z>0</z>
      </eulerAngles>
    </Quaternion>
    <Quaternion>
      <x>0.111500233</x>
      <y>0.136071816</y>
      <z>0.265714765</z>
      <w>0.9478649</w>
      <eulerAngles>
        <x>7.9935565</x>
        <y>18.682415</y>
        <z>32.6365128</z>
      </eulerAngles>
    </Quaternion>
    <Quaternion>
      <x>0.035157945</x>
      <y>0.00253118947</y>
      <z>0.07176433</z>
      <w>0.9967986</w>
      <eulerAngles>
        <x>3.99833465</x>
        <y>0.5796695</y>
        <z>8.256022</z>
      </eulerAngles>
    </Quaternion>
    <Quaternion>
      <x>0.3081067</x>
      <y>-0.228508621</y>
      <z>-0.550130665</z>
      <w>0.7417617</w>
      <eulerAngles>
        <x>11.8683882</x>
        <y>316.147369</y>
        <z>282.082977</z>
      </eulerAngles>
    </Quaternion>
    <Quaternion>
      <x>0.3081067</x>
      <y>-0.228508621</y>
      <z>-0.550130665</z>
      <w>0.7417617</w>
      <eulerAngles>
        <x>11.8683882</x>
        <y>316.147369</y>
        <z>282.082977</z>
      </eulerAngles>
    </Quaternion>
    <Quaternion>
      <x>-0.1376952</x>
      <y>0.1130499</y>
      <z>-0.233361</z>
      <w>0.9559301</w>
      <eulerAngles>
        <x>347.848877</x>
        <y>16.6680965</y>
        <z>330.776031</z>
      </eulerAngles>
    </Quaternion>
    <Quaternion>
      <x>-0.06468191</x>
      <y>0.611624241</y>
      <z>-0.012745712</z>
      <w>0.788396835</w>
      <eulerAngles>
        <x>355.043549</x>
        <y>75.85493</y>
        <z>354.284363</z>
      </eulerAngles>
    </Quaternion>
    <Quaternion>
      <x>0.587785661</x>
      <y>0.195606425</y>
      <z>0.247875631</z>
      <w>0.7448515</w>
      <eulerAngles>
        <x>51.1375</x>
        <y>68.2515</y>
        <z>72.74376</z>
      </eulerAngles>
    </Quaternion>
    <Quaternion>
      <x>0.587785661</x>
      <y>0.195606425</y>
      <z>0.247875631</z>
      <w>0.7448515</w>
      <eulerAngles>
        <x>51.1375</x>
        <y>68.2515</y>
        <z>72.74376</z>
      </eulerAngles>
    </Quaternion>
  </jointRotations>
</SnapshotClass>