<?xml version="1.0" encoding="utf-8"?>
<ArrayOfSnapshotClass xmlns:xsi="http://www.w3.org/2001/XMLSchema-instance" xmlns:xsd="http://www.w3.org/2001/XMLSchema">
  <SnapshotClass>
    <jointRotations>
      <Quaternion>
        <x>0</x>
        <y>0</y>
        <z>0</z>
        <w>1</w>
        <eulerAngles>
          <x>0</x>
          <y>0</y>
          <z>0</z>
        </eulerAngles>
      </Quaternion>
      <Quaternion>
        <x>0.03732274</x>
        <y>-0.0131873339</y>
        <z>-0.03494492</z>
        <w>0.998605</w>
        <eulerAngles>
          <x>4.22191763</x>
          <y>358.336761</y>
          <z>355.930328</z>
        </eulerAngles>
      </Quaternion>
      <Quaternion>
        <x>0.03732274</x>
        <y>-0.0131873339</y>
        <z>-0.03494492</z>
        <w>0.998605</w>
        <eulerAngles>
          <x>4.22191763</x>
          <y>358.336761</y>
          <z>355.930328</z>
        </eulerAngles>
      </Quaternion>
      <Quaternion>
        <x>-0.00254511344</x>
        <y>0.0138770053</y>
        <z>-0.0156544484</z>
        <w>-0.9997779</w>
        <eulerAngles>
          <x>0.316478848</x>
          <y>358.41452</y>
          <z>1.78974032</z>
        </eulerAngles>
      </Quaternion>
      <Quaternion>
        <x>0</x>
        <y>0</y>
        <z>0</z>
        <w>1</w>
        <eulerAngles>
          <x>0</x>
          <y>0</y>
          <z>0</z>
        </eulerAngles>
      </Quaternion>
      <Quaternion>
        <x>0</x>
        <y>0</y>
        <z>0</z>
        <w>1</w>
        <eulerAngles>
          <x>0</x>
          <y>0</y>
          <z>0</z>
        </eulerAngles>
      </Quaternion>
      <Quaternion>
        <x>0.07025617</x>
        <y>-0.04860583</y>
        <z>0.68342</z>
        <w>0.725009441</w>
        <eulerAngles>
          <x>9.689526</x>
          <y>1.48523486</y>
          <z>86.74311</z>
        </eulerAngles>
      </Quaternion>
      <Quaternion>
        <x>0.105605572</x>
        <y>-0.1360121</y>
        <z>-0.6757799</z>
        <w>-0.716707647</w>
        <eulerAngles>
          <x>340.414978</x>
          <y>3.177928</y>
          <z>86.08429</z>
        </eulerAngles>
      </Quaternion>
      <Quaternion>
        <x>0</x>
        <y>0</y>
        <z>0</z>
        <w>1</w>
        <eulerAngles>
          <x>0</x>
          <y>0</y>
          <z>0</z>
        </eulerAngles>
      </Quaternion>
      <Quaternion>
        <x>0</x>
        <y>0</y>
        <z>0</z>
        <w>1</w>
        <eulerAngles>
          <x>0</x>
          <y>0</y>
          <z>0</z>
        </eulerAngles>
      </Quaternion>
      <Quaternion>
        <x>0</x>
        <y>0</y>
        <z>0</z>
        <w>1</w>
        <eulerAngles>
          <x>0</x>
          <y>0</y>
          <z>0</z>
        </eulerAngles>
      </Quaternion>
      <Quaternion>
        <x>0</x>
        <y>0</y>
        <z>0</z>
        <w>1</w>
        <eulerAngles>
          <x>0</x>
          <y>0</y>
          <z>0</z>
        </eulerAngles>
      </Quaternion>
      <Quaternion>
        <x>0.164699718</x>
        <y>-0.0253155436</y>
        <z>-0.63582176</z>
        <w>0.7536337</w>
        <eulerAngles>
          <x>12.4773817</x>
          <y>345.310181</y>
          <z>278.07843</z>
        </eulerAngles>
      </Quaternion>
      <Quaternion>
        <x>0.002194729</x>
        <y>0.218828961</y>
        <z>0.6653639</z>
        <w>-0.7137225</w>
        <eulerAngles>
          <x>342.882355</x>
          <y>341.1078</y>
          <z>276.8853</z>
        </eulerAngles>
      </Quaternion>
      <Quaternion>
        <x>0</x>
        <y>0</y>
        <z>0</z>
        <w>1</w>
        <eulerAngles>
          <x>0</x>
          <y>0</y>
          <z>0</z>
        </eulerAngles>
      </Quaternion>
      <Quaternion>
        <x>0</x>
        <y>0</y>
        <z>0</z>
        <w>1</w>
        <eulerAngles>
          <x>0</x>
          <y>0</y>
          <z>0</z>
        </eulerAngles>
      </Quaternion>
      <Quaternion>
        <x>0</x>
        <y>0</y>
        <z>0</z>
        <w>1</w>
        <eulerAngles>
          <x>0</x>
          <y>0</y>
          <z>0</z>
        </eulerAngles>
      </Quaternion>
      <Quaternion>
        <x>-0.02017109</x>
        <y>-0.115066737</y>
        <z>0.03149</z>
        <w>0.992653549</w>
        <eulerAngles>
          <x>358.120422</x>
          <y>346.712524</y>
          <z>3.85292387</z>
        </eulerAngles>
      </Quaternion>
      <Quaternion>
        <x>0.1346003</x>
        <y>-0.103985876</y>
        <z>0.0108808316</z>
        <w>0.985368669</w>
        <eulerAngles>
          <x>15.5170288</x>
          <y>347.898682</y>
          <z>359.610535</z>
        </eulerAngles>
      </Quaternion>
      <Quaternion>
        <x>0</x>
        <y>0</y>
        <z>0</z>
        <w>1</w>
        <eulerAngles>
          <x>0</x>
          <y>0</y>
          <z>0</z>
        </eulerAngles>
      </Quaternion>
      <Quaternion>
        <x>0</x>
        <y>0</y>
        <z>0</z>
        <w>1</w>
        <eulerAngles>
          <x>0</x>
          <y>0</y>
          <z>0</z>
        </eulerAngles>
      </Quaternion>
      <Quaternion>
        <x>0.0008650095</x>
        <y>-0.104592972</y>
        <z>-0.00818109</z>
        <w>0.9944811</w>
        <eulerAngles>
          <x>0.0005215223</x>
          <y>347.992157</y>
          <z>359.057281</z>
        </eulerAngles>
      </Quaternion>
      <Quaternion>
        <x>0.0913888738</x>
        <y>-0.101161033</y>
        <z>-0.04132752</z>
        <w>0.9898013</w>
        <eulerAngles>
          <x>9.936242</x>
          <y>347.8204</y>
          <z>354.1555</z>
        </eulerAngles>
      </Quaternion>
      <Quaternion>
        <x>0</x>
        <y>0</y>
        <z>0</z>
        <w>1</w>
        <eulerAngles>
          <x>0</x>
          <y>0</y>
          <z>0</z>
        </eulerAngles>
      </Quaternion>
      <Quaternion>
        <x>0</x>
        <y>0</y>
        <z>0</z>
        <w>1</w>
        <eulerAngles>
          <x>0</x>
          <y>0</y>
          <z>0</z>
        </eulerAngles>
      </Quaternion>
    </jointRotations>
    <isKeyFrame>true</isKeyFrame>
  </SnapshotClass>
  <SnapshotClass>
    <jointRotations>
      <Quaternion>
        <x>0</x>
        <y>0</y>
        <z>0</z>
        <w>1</w>
        <eulerAngles>
          <x>0</x>
          <y>0</y>
          <z>0</z>
        </eulerAngles>
      </Quaternion>
      <Quaternion>
        <x>-0.0395936258</x>
        <y>-0.0362105779</y>
        <z>0.0333171</z>
        <w>0.9980036</w>
        <eulerAngles>
          <x>355.6059</x>
          <y>355.690979</y>
          <z>3.989467</z>
        </eulerAngles>
      </Quaternion>
      <Quaternion>
        <x>-0.0395936258</x>
        <y>-0.0362105779</y>
        <z>0.0333171</z>
        <w>0.9980036</w>
        <eulerAngles>
          <x>355.6059</x>
          <y>355.690979</y>
          <z>3.989467</z>
        </eulerAngles>
      </Quaternion>
      <Quaternion>
        <x>0.00555055868</x>
        <y>0.0365376659</y>
        <z>0.002377627</z>
        <w>-0.99931407</w>
        <eulerAngles>
          <x>359.354431</x>
          <y>355.813477</y>
          <z>359.750946</z>
        </eulerAngles>
      </Quaternion>
      <Quaternion>
        <x>0</x>
        <y>0</y>
        <z>0</z>
        <w>1</w>
        <eulerAngles>
          <x>0</x>
          <y>0</y>
          <z>0</z>
        </eulerAngles>
      </Quaternion>
      <Quaternion>
        <x>0</x>
        <y>0</y>
        <z>0</z>
        <w>1</w>
        <eulerAngles>
          <x>0</x>
          <y>0</y>
          <z>0</z>
        </eulerAngles>
      </Quaternion>
      <Quaternion>
        <x>0.279447973</x>
        <y>-0.358684033</y>
        <z>-0.473614484</z>
        <w>-0.7542837</w>
        <eulerAngles>
          <x>310.419128</x>
          <y>25.23259</y>
          <z>52.4452629</z>
        </eulerAngles>
      </Quaternion>
      <Quaternion>
        <x>-0.429722548</x>
        <y>0.6036693</y>
        <z>0.343133181</z>
        <w>0.5772187</w>
        <eulerAngles>
          <x>294.444061</x>
          <y>103.721611</y>
          <z>342.752228</z>
        </eulerAngles>
      </Quaternion>
      <Quaternion>
        <x>0</x>
        <y>0</y>
        <z>0</z>
        <w>1</w>
        <eulerAngles>
          <x>0</x>
          <y>0</y>
          <z>0</z>
        </eulerAngles>
      </Quaternion>
      <Quaternion>
        <x>0</x>
        <y>0</y>
        <z>0</z>
        <w>1</w>
        <eulerAngles>
          <x>0</x>
          <y>0</y>
          <z>0</z>
        </eulerAngles>
      </Quaternion>
      <Quaternion>
        <x>0</x>
        <y>0</y>
        <z>0</z>
        <w>1</w>
        <eulerAngles>
          <x>0</x>
          <y>0</y>
          <z>0</z>
        </eulerAngles>
      </Quaternion>
      <Quaternion>
        <x>0</x>
        <y>0</y>
        <z>0</z>
        <w>1</w>
        <eulerAngles>
          <x>0</x>
          <y>0</y>
          <z>0</z>
        </eulerAngles>
      </Quaternion>
      <Quaternion>
        <x>0.324831516</x>
        <y>0.420577973</y>
        <z>0.464682251</z>
        <w>-0.708286</w>
        <eulerAngles>
          <x>301.6775</x>
          <y>325.968567</y>
          <z>312.846069</z>
        </eulerAngles>
      </Quaternion>
      <Quaternion>
        <x>-0.444680959</x>
        <y>-0.6064023</y>
        <z>-0.351715863</z>
        <w>0.5575222</w>
        <eulerAngles>
          <x>292.720245</x>
          <y>250.184479</y>
          <z>22.3921</z>
        </eulerAngles>
      </Quaternion>
      <Quaternion>
        <x>0</x>
        <y>0</y>
        <z>0</z>
        <w>1</w>
        <eulerAngles>
          <x>0</x>
          <y>0</y>
          <z>0</z>
        </eulerAngles>
      </Quaternion>
      <Quaternion>
        <x>0</x>
        <y>0</y>
        <z>0</z>
        <w>1</w>
        <eulerAngles>
          <x>0</x>
          <y>0</y>
          <z>0</z>
        </eulerAngles>
      </Quaternion>
      <Quaternion>
        <x>0</x>
        <y>0</y>
        <z>0</z>
        <w>1</w>
        <eulerAngles>
          <x>0</x>
          <y>0</y>
          <z>0</z>
        </eulerAngles>
      </Quaternion>
      <Quaternion>
        <x>-0.0186954774</x>
        <y>-0.136205554</y>
        <z>0.0179439224</z>
        <w>0.990341663</w>
        <eulerAngles>
          <x>358.1581</x>
          <y>344.300568</y>
          <z>2.33000731</z>
        </eulerAngles>
      </Quaternion>
      <Quaternion>
        <x>-0.118782274</x>
        <y>0.1311084</y>
        <z>-0.0247644428</z>
        <w>-0.9839147</w>
        <eulerAngles>
          <x>13.9005241</x>
          <y>344.946442</y>
          <z>1.038029</z>
        </eulerAngles>
      </Quaternion>
      <Quaternion>
        <x>0</x>
        <y>0</y>
        <z>0</z>
        <w>1</w>
        <eulerAngles>
          <x>0</x>
          <y>0</y>
          <z>0</z>
        </eulerAngles>
      </Quaternion>
      <Quaternion>
        <x>0</x>
        <y>0</y>
        <z>0</z>
        <w>1</w>
        <eulerAngles>
          <x>0</x>
          <y>0</y>
          <z>0</z>
        </eulerAngles>
      </Quaternion>
      <Quaternion>
        <x>-0.01945732</x>
        <y>0.126351729</y>
        <z>-0.0059377565</z>
        <w>-0.9917769</w>
        <eulerAngles>
          <x>2.29789782</x>
          <y>345.4872</y>
          <z>0.39342162</z>
        </eulerAngles>
      </Quaternion>
      <Quaternion>
        <x>0.07924173</x>
        <y>-0.122655071</y>
        <z>-0.0285585634</z>
        <w>0.9888685</w>
        <eulerAngles>
          <x>8.61033</x>
          <y>345.5271</y>
          <z>355.5962</z>
        </eulerAngles>
      </Quaternion>
      <Quaternion>
        <x>0</x>
        <y>0</y>
        <z>0</z>
        <w>1</w>
        <eulerAngles>
          <x>0</x>
          <y>0</y>
          <z>0</z>
        </eulerAngles>
      </Quaternion>
      <Quaternion>
        <x>0</x>
        <y>0</y>
        <z>0</z>
        <w>1</w>
        <eulerAngles>
          <x>0</x>
          <y>0</y>
          <z>0</z>
        </eulerAngles>
      </Quaternion>
    </jointRotations>
    <isKeyFrame>true</isKeyFrame>
  </SnapshotClass>
  <SnapshotClass>
    <jointRotations>
      <Quaternion>
        <x>0</x>
        <y>0</y>
        <z>0</z>
        <w>1</w>
        <eulerAngles>
          <x>0</x>
          <y>0</y>
          <z>0</z>
        </eulerAngles>
      </Quaternion>
      <Quaternion>
        <x>-0.0576379076</x>
        <y>-0.0117161162</y>
        <z>0.0192064326</z>
        <w>-0.998084068</w>
        <eulerAngles>
          <x>6.63275433</x>
          <y>1.22140765</y>
          <z>357.865936</z>
        </eulerAngles>
      </Quaternion>
      <Quaternion>
        <x>-0.0576379076</x>
        <y>-0.0117161162</y>
        <z>0.0192064326</z>
        <w>-0.998084068</w>
        <eulerAngles>
          <x>6.63275433</x>
          <y>1.22140765</y>
          <z>357.865936</z>
        </eulerAngles>
      </Quaternion>
      <Quaternion>
        <x>0.00492787641</x>
        <y>0.009906994</y>
        <z>0.02997106</z>
        <w>0.999489546</w>
        <eulerAngles>
          <x>0.530387461</x>
          <y>1.15172982</y>
          <z>3.44048619</z>
        </eulerAngles>
      </Quaternion>
      <Quaternion>
        <x>0</x>
        <y>0</y>
        <z>0</z>
        <w>1</w>
        <eulerAngles>
          <x>0</x>
          <y>0</y>
          <z>0</z>
        </eulerAngles>
      </Quaternion>
      <Quaternion>
        <x>0</x>
        <y>0</y>
        <z>0</z>
        <w>1</w>
        <eulerAngles>
          <x>0</x>
          <y>0</y>
          <z>0</z>
        </eulerAngles>
      </Quaternion>
      <Quaternion>
        <x>-0.149003327</x>
        <y>0.0144414632</y>
        <z>-0.00696638133</z>
        <w>0.9887067</w>
        <eulerAngles>
          <x>342.876038</x>
          <y>1.83685708</y>
          <z>358.916046</z>
        </eulerAngles>
      </Quaternion>
      <Quaternion>
        <x>-0.140817478</x>
        <y>0.177363813</y>
        <z>-0.00235100975</z>
        <w>0.974015951</w>
        <eulerAngles>
          <x>344.1284</x>
          <y>21.0936089</y>
          <z>356.75</z>
        </eulerAngles>
      </Quaternion>
      <Quaternion>
        <x>0</x>
        <y>0</y>
        <z>0</z>
        <w>1</w>
        <eulerAngles>
          <x>0</x>
          <y>0</y>
          <z>0</z>
        </eulerAngles>
      </Quaternion>
      <Quaternion>
        <x>0</x>
        <y>0</y>
        <z>0</z>
        <w>1</w>
        <eulerAngles>
          <x>0</x>
          <y>0</y>
          <z>0</z>
        </eulerAngles>
      </Quaternion>
      <Quaternion>
        <x>0</x>
        <y>0</y>
        <z>0</z>
        <w>1</w>
        <eulerAngles>
          <x>0</x>
          <y>0</y>
          <z>0</z>
        </eulerAngles>
      </Quaternion>
      <Quaternion>
        <x>0</x>
        <y>0</y>
        <z>0</z>
        <w>1</w>
        <eulerAngles>
          <x>0</x>
          <y>0</y>
          <z>0</z>
        </eulerAngles>
      </Quaternion>
      <Quaternion>
        <x>-0.2046866</x>
        <y>0.07281864</y>
        <z>0.00186551863</z>
        <w>0.9761134</w>
        <eulerAngles>
          <x>336.430176</x>
          <y>8.874146</y>
          <z>358.363983</z>
        </eulerAngles>
      </Quaternion>
      <Quaternion>
        <x>-0.206305668</x>
        <y>-0.0148269823</y>
        <z>0.1398984</z>
        <w>0.968321562</w>
        <eulerAngles>
          <x>336.7096</x>
          <y>354.6001</y>
          <z>17.55554</z>
        </eulerAngles>
      </Quaternion>
      <Quaternion>
        <x>0</x>
        <y>0</y>
        <z>0</z>
        <w>1</w>
        <eulerAngles>
          <x>0</x>
          <y>0</y>
          <z>0</z>
        </eulerAngles>
      </Quaternion>
      <Quaternion>
        <x>0</x>
        <y>0</y>
        <z>0</z>
        <w>1</w>
        <eulerAngles>
          <x>0</x>
          <y>0</y>
          <z>0</z>
        </eulerAngles>
      </Quaternion>
      <Quaternion>
        <x>0</x>
        <y>0</y>
        <z>0</z>
        <w>1</w>
        <eulerAngles>
          <x>0</x>
          <y>0</y>
          <z>0</z>
        </eulerAngles>
      </Quaternion>
      <Quaternion>
        <x>-0.000929606555</x>
        <y>0.09034776</y>
        <z>-0.0366059765</z>
        <w>-0.9952369</w>
        <eulerAngles>
          <x>0.485008478</x>
          <y>349.643463</y>
          <z>4.16895866</z>
        </eulerAngles>
      </Quaternion>
      <Quaternion>
        <x>-0.115007371</x>
        <y>0.08330212</y>
        <z>-0.0264571514</z>
        <w>-0.989512</w>
        <eulerAngles>
          <x>13.415452</x>
          <y>350.605865</y>
          <z>1.95588017</z>
        </eulerAngles>
      </Quaternion>
      <Quaternion>
        <x>0</x>
        <y>0</y>
        <z>0</z>
        <w>1</w>
        <eulerAngles>
          <x>0</x>
          <y>0</y>
          <z>0</z>
        </eulerAngles>
      </Quaternion>
      <Quaternion>
        <x>0</x>
        <y>0</y>
        <z>0</z>
        <w>1</w>
        <eulerAngles>
          <x>0</x>
          <y>0</y>
          <z>0</z>
        </eulerAngles>
      </Quaternion>
      <Quaternion>
        <x>0.008968606</x>
        <y>0.0793373361</y>
        <z>0.00371951214</z>
        <w>-0.9968005</w>
        <eulerAngles>
          <x>358.941681</x>
          <y>350.9018</y>
          <z>359.656616</z>
        </eulerAngles>
      </Quaternion>
      <Quaternion>
        <x>0.0925062746</x>
        <y>-0.07751099</y>
        <z>-0.01591428</z>
        <w>0.992563069</w>
        <eulerAngles>
          <x>10.437891</x>
          <y>350.824921</y>
          <z>357.323029</z>
        </eulerAngles>
      </Quaternion>
      <Quaternion>
        <x>0</x>
        <y>0</y>
        <z>0</z>
        <w>1</w>
        <eulerAngles>
          <x>0</x>
          <y>0</y>
          <z>0</z>
        </eulerAngles>
      </Quaternion>
      <Quaternion>
        <x>0</x>
        <y>0</y>
        <z>0</z>
        <w>1</w>
        <eulerAngles>
          <x>0</x>
          <y>0</y>
          <z>0</z>
        </eulerAngles>
      </Quaternion>
    </jointRotations>
    <isKeyFrame>true</isKeyFrame>
  </SnapshotClass>
  <SnapshotClass>
    <jointRotations>
      <Quaternion>
        <x>0</x>
        <y>0</y>
        <z>0</z>
        <w>1</w>
        <eulerAngles>
          <x>0</x>
          <y>0</y>
          <z>0</z>
        </eulerAngles>
      </Quaternion>
      <Quaternion>
        <x>-0.084393084</x>
        <y>0.0301352032</y>
        <z>-0.0284876674</z>
        <w>-0.9955692</w>
        <eulerAngles>
          <x>9.773592</x>
          <y>356.7893</y>
          <z>3.0035007</z>
        </eulerAngles>
      </Quaternion>
      <Quaternion>
        <x>-0.084393084</x>
        <y>0.0301352032</y>
        <z>-0.0284876674</z>
        <w>-0.9955692</w>
        <eulerAngles>
          <x>9.773592</x>
          <y>356.7893</y>
          <z>3.0035007</z>
        </eulerAngles>
      </Quaternion>
      <Quaternion>
        <x>-0.003966059</x>
        <y>-0.0304872077</y>
        <z>0.00140382582</z>
        <w>0.9995263</w>
        <eulerAngles>
          <x>359.550629</x>
          <y>356.505157</y>
          <z>0.174651772</z>
        </eulerAngles>
      </Quaternion>
      <Quaternion>
        <x>0</x>
        <y>0</y>
        <z>0</z>
        <w>1</w>
        <eulerAngles>
          <x>0</x>
          <y>0</y>
          <z>0</z>
        </eulerAngles>
      </Quaternion>
      <Quaternion>
        <x>0</x>
        <y>0</y>
        <z>0</z>
        <w>1</w>
        <eulerAngles>
          <x>0</x>
          <y>0</y>
          <z>0</z>
        </eulerAngles>
      </Quaternion>
      <Quaternion>
        <x>-0.6169645</x>
        <y>0.545952559</y>
        <z>-0.243806481</z>
        <w>0.5117117</w>
        <eulerAngles>
          <x>338.579956</x>
          <y>112.57785</y>
          <z>277.395447</z>
        </eulerAngles>
      </Quaternion>
      <Quaternion>
        <x>0.5587128</x>
        <y>-0.636232555</y>
        <z>0.381702721</z>
        <w>-0.3706093</w>
        <eulerAngles>
          <x>4.10445929</x>
          <y>115.78653</y>
          <z>274.847443</z>
        </eulerAngles>
      </Quaternion>
      <Quaternion>
        <x>0</x>
        <y>0</y>
        <z>0</z>
        <w>1</w>
        <eulerAngles>
          <x>0</x>
          <y>0</y>
          <z>0</z>
        </eulerAngles>
      </Quaternion>
      <Quaternion>
        <x>0</x>
        <y>0</y>
        <z>0</z>
        <w>1</w>
        <eulerAngles>
          <x>0</x>
          <y>0</y>
          <z>0</z>
        </eulerAngles>
      </Quaternion>
      <Quaternion>
        <x>0</x>
        <y>0</y>
        <z>0</z>
        <w>1</w>
        <eulerAngles>
          <x>0</x>
          <y>0</y>
          <z>0</z>
        </eulerAngles>
      </Quaternion>
      <Quaternion>
        <x>0</x>
        <y>0</y>
        <z>0</z>
        <w>1</w>
        <eulerAngles>
          <x>0</x>
          <y>0</y>
          <z>0</z>
        </eulerAngles>
      </Quaternion>
      <Quaternion>
        <x>-0.7403828</x>
        <y>-0.602046967</y>
        <z>0.105623551</z>
        <w>0.279671967</w>
        <eulerAngles>
          <x>343.324677</x>
          <y>210.98439</y>
          <z>97.114624</z>
        </eulerAngles>
      </Quaternion>
      <Quaternion>
        <x>0.680673242</x>
        <y>0.6564402</y>
        <z>-0.309849948</z>
        <w>-0.09880918</w>
        <eulerAngles>
          <x>15.800128</x>
          <y>214.973312</y>
          <z>97.08288</z>
        </eulerAngles>
      </Quaternion>
      <Quaternion>
        <x>0</x>
        <y>0</y>
        <z>0</z>
        <w>1</w>
        <eulerAngles>
          <x>0</x>
          <y>0</y>
          <z>0</z>
        </eulerAngles>
      </Quaternion>
      <Quaternion>
        <x>0</x>
        <y>0</y>
        <z>0</z>
        <w>1</w>
        <eulerAngles>
          <x>0</x>
          <y>0</y>
          <z>0</z>
        </eulerAngles>
      </Quaternion>
      <Quaternion>
        <x>0</x>
        <y>0</y>
        <z>0</z>
        <w>1</w>
        <eulerAngles>
          <x>0</x>
          <y>0</y>
          <z>0</z>
        </eulerAngles>
      </Quaternion>
      <Quaternion>
        <x>-0.006637319</x>
        <y>0.129822</y>
        <z>-0.03773552</z>
        <w>-0.990796745</w>
        <eulerAngles>
          <x>1.31506932</x>
          <y>345.118469</y>
          <z>4.19047451</z>
        </eulerAngles>
      </Quaternion>
      <Quaternion>
        <x>-0.1166085</x>
        <y>0.120966181</y>
        <z>-0.0169033129</z>
        <w>-0.9856388</w>
        <eulerAngles>
          <x>13.5301628</x>
          <y>346.042023</y>
          <z>0.301125824</z>
        </eulerAngles>
      </Quaternion>
      <Quaternion>
        <x>0</x>
        <y>0</y>
        <z>0</z>
        <w>1</w>
        <eulerAngles>
          <x>0</x>
          <y>0</y>
          <z>0</z>
        </eulerAngles>
      </Quaternion>
      <Quaternion>
        <x>0</x>
        <y>0</y>
        <z>0</z>
        <w>1</w>
        <eulerAngles>
          <x>0</x>
          <y>0</y>
          <z>0</z>
        </eulerAngles>
      </Quaternion>
      <Quaternion>
        <x>-0.0138173</x>
        <y>0.1200489</y>
        <z>-0.008876315</z>
        <w>-0.9926321</w>
        <eulerAngles>
          <x>1.69403493</x>
          <y>346.2204</y>
          <z>0.819964051</z>
        </eulerAngles>
      </Quaternion>
      <Quaternion>
        <x>0.09321062</x>
        <y>-0.1152649</y>
        <z>-0.023545472</z>
        <w>0.988671541</w>
        <eulerAngles>
          <x>10.3046141</x>
          <y>346.3426</y>
          <z>356.0342</z>
        </eulerAngles>
      </Quaternion>
      <Quaternion>
        <x>0</x>
        <y>0</y>
        <z>0</z>
        <w>1</w>
        <eulerAngles>
          <x>0</x>
          <y>0</y>
          <z>0</z>
        </eulerAngles>
      </Quaternion>
      <Quaternion>
        <x>0</x>
        <y>0</y>
        <z>0</z>
        <w>1</w>
        <eulerAngles>
          <x>0</x>
          <y>0</y>
          <z>0</z>
        </eulerAngles>
      </Quaternion>
    </jointRotations>
    <isKeyFrame>true</isKeyFrame>
  </SnapshotClass>
  <SnapshotClass>
    <jointRotations>
      <Quaternion>
        <x>0</x>
        <y>0</y>
        <z>0</z>
        <w>1</w>
        <eulerAngles>
          <x>0</x>
          <y>0</y>
          <z>0</z>
        </eulerAngles>
      </Quaternion>
      <Quaternion>
        <x>0.117430642</x>
        <y>-0.0309937019</y>
        <z>-0.0334045477</z>
        <w>-0.9920351</w>
        <eulerAngles>
          <x>346.404755</x>
          <y>3.16403532</y>
          <z>3.479906</z>
        </eulerAngles>
      </Quaternion>
      <Quaternion>
        <x>0.117430642</x>
        <y>-0.0309937019</y>
        <z>-0.0334045477</z>
        <w>-0.9920351</w>
        <eulerAngles>
          <x>346.404755</x>
          <y>3.16403532</y>
          <z>3.479906</z>
        </eulerAngles>
      </Quaternion>
      <Quaternion>
        <x>-0.0174728371</x>
        <y>-0.02944201</y>
        <z>0.0199736077</z>
        <w>-0.9992141</w>
        <eulerAngles>
          <x>2.06850266</x>
          <y>3.33521819</y>
          <z>357.769928</z>
        </eulerAngles>
      </Quaternion>
      <Quaternion>
        <x>0</x>
        <y>0</y>
        <z>0</z>
        <w>1</w>
        <eulerAngles>
          <x>0</x>
          <y>0</y>
          <z>0</z>
        </eulerAngles>
      </Quaternion>
      <Quaternion>
        <x>0</x>
        <y>0</y>
        <z>0</z>
        <w>1</w>
        <eulerAngles>
          <x>0</x>
          <y>0</y>
          <z>0</z>
        </eulerAngles>
      </Quaternion>
      <Quaternion>
        <x>0.182877421</x>
        <y>0.725466251</y>
        <z>-0.0715990439</z>
        <w>0.6596424</w>
        <eulerAngles>
          <x>20.1911278</x>
          <y>97.31447</y>
          <z>10.4904871</z>
        </eulerAngles>
      </Quaternion>
      <Quaternion>
        <x>-0.0846483</x>
        <y>-0.7609871</y>
        <z>0.150818</z>
        <w>-0.6252897</w>
        <eulerAngles>
          <x>19.596899</x>
          <y>100.552826</y>
          <z>356.361969</z>
        </eulerAngles>
      </Quaternion>
      <Quaternion>
        <x>0</x>
        <y>0</y>
        <z>0</z>
        <w>1</w>
        <eulerAngles>
          <x>0</x>
          <y>0</y>
          <z>0</z>
        </eulerAngles>
      </Quaternion>
      <Quaternion>
        <x>0</x>
        <y>0</y>
        <z>0</z>
        <w>1</w>
        <eulerAngles>
          <x>0</x>
          <y>0</y>
          <z>0</z>
        </eulerAngles>
      </Quaternion>
      <Quaternion>
        <x>0</x>
        <y>0</y>
        <z>0</z>
        <w>1</w>
        <eulerAngles>
          <x>0</x>
          <y>0</y>
          <z>0</z>
        </eulerAngles>
      </Quaternion>
      <Quaternion>
        <x>0</x>
        <y>0</y>
        <z>0</z>
        <w>1</w>
        <eulerAngles>
          <x>0</x>
          <y>0</y>
          <z>0</z>
        </eulerAngles>
      </Quaternion>
      <Quaternion>
        <x>0.257831335</x>
        <y>-0.636117339</y>
        <z>0.08926717</z>
        <w>0.721740246</w>
        <eulerAngles>
          <x>29.0611916</x>
          <y>273.7885</y>
          <z>346.8293</z>
        </eulerAngles>
      </Quaternion>
      <Quaternion>
        <x>0.175926685</x>
        <y>-0.6861432</y>
        <z>0.1682869</z>
        <w>0.685519338</w>
        <eulerAngles>
          <x>28.1733112</x>
          <y>269.773468</y>
          <z>359.304932</z>
        </eulerAngles>
      </Quaternion>
      <Quaternion>
        <x>0</x>
        <y>0</y>
        <z>0</z>
        <w>1</w>
        <eulerAngles>
          <x>0</x>
          <y>0</y>
          <z>0</z>
        </eulerAngles>
      </Quaternion>
      <Quaternion>
        <x>0</x>
        <y>0</y>
        <z>0</z>
        <w>1</w>
        <eulerAngles>
          <x>0</x>
          <y>0</y>
          <z>0</z>
        </eulerAngles>
      </Quaternion>
      <Quaternion>
        <x>0</x>
        <y>0</y>
        <z>0</z>
        <w>1</w>
        <eulerAngles>
          <x>0</x>
          <y>0</y>
          <z>0</z>
        </eulerAngles>
      </Quaternion>
      <Quaternion>
        <x>-0.0195057467</x>
        <y>-0.07069201</y>
        <z>0.0322043672</z>
        <w>0.996787369</w>
        <eulerAngles>
          <x>358.032471</x>
          <y>351.82077</y>
          <z>3.84164429</z>
        </eulerAngles>
      </Quaternion>
      <Quaternion>
        <x>-0.1305108</x>
        <y>0.0627038553</y>
        <z>-0.0263585988</z>
        <w>-0.9891109</w>
        <eulerAngles>
          <x>15.1581926</x>
          <y>353.027954</y>
          <z>2.12419486</z>
        </eulerAngles>
      </Quaternion>
      <Quaternion>
        <x>0</x>
        <y>0</y>
        <z>0</z>
        <w>1</w>
        <eulerAngles>
          <x>0</x>
          <y>0</y>
          <z>0</z>
        </eulerAngles>
      </Quaternion>
      <Quaternion>
        <x>0</x>
        <y>0</y>
        <z>0</z>
        <w>1</w>
        <eulerAngles>
          <x>0</x>
          <y>0</y>
          <z>0</z>
        </eulerAngles>
      </Quaternion>
      <Quaternion>
        <x>-0.000457765331</x>
        <y>-0.05997703</y>
        <z>0.00220189313</z>
        <w>0.9981972</w>
        <eulerAngles>
          <x>359.962769</x>
          <y>353.122925</y>
          <z>0.255010575</z>
        </eulerAngles>
      </Quaternion>
      <Quaternion>
        <x>0.077086255</x>
        <y>-0.05739135</y>
        <z>-0.0225324612</z>
        <w>0.9951163</w>
        <eulerAngles>
          <x>8.675216</x>
          <y>353.162262</y>
          <z>356.886475</z>
        </eulerAngles>
      </Quaternion>
      <Quaternion>
        <x>0</x>
        <y>0</y>
        <z>0</z>
        <w>1</w>
        <eulerAngles>
          <x>0</x>
          <y>0</y>
          <z>0</z>
        </eulerAngles>
      </Quaternion>
      <Quaternion>
        <x>0</x>
        <y>0</y>
        <z>0</z>
        <w>1</w>
        <eulerAngles>
          <x>0</x>
          <y>0</y>
          <z>0</z>
        </eulerAngles>
      </Quaternion>
    </jointRotations>
    <isKeyFrame>true</isKeyFrame>
  </SnapshotClass>
  <SnapshotClass>
    <jointRotations>
      <Quaternion>
        <x>0</x>
        <y>0</y>
        <z>0</z>
        <w>1</w>
        <eulerAngles>
          <x>0</x>
          <y>0</y>
          <z>0</z>
        </eulerAngles>
      </Quaternion>
      <Quaternion>
        <x>0.177051544</x>
        <y>0.0777830258</y>
        <z>0.0142335417</z>
        <w>0.9810198</w>
        <eulerAngles>
          <x>20.1920471</x>
          <y>9.670234</y>
          <z>3.38829064</z>
        </eulerAngles>
      </Quaternion>
      <Quaternion>
        <x>0.177051544</x>
        <y>0.0777830258</y>
        <z>0.0142335417</z>
        <w>0.9810198</w>
        <eulerAngles>
          <x>20.1920471</x>
          <y>9.670234</y>
          <z>3.38829064</z>
        </eulerAngles>
      </Quaternion>
      <Quaternion>
        <x>0.134162769</x>
        <y>0.0764863938</y>
        <z>0.0209405161</z>
        <w>0.987781167</w>
        <eulerAngles>
          <x>15.1794844</x>
          <y>9.345543</y>
          <z>3.67690349</z>
        </eulerAngles>
      </Quaternion>
      <Quaternion>
        <x>0</x>
        <y>0</y>
        <z>0</z>
        <w>1</w>
        <eulerAngles>
          <x>0</x>
          <y>0</y>
          <z>0</z>
        </eulerAngles>
      </Quaternion>
      <Quaternion>
        <x>0</x>
        <y>0</y>
        <z>0</z>
        <w>1</w>
        <eulerAngles>
          <x>0</x>
          <y>0</y>
          <z>0</z>
        </eulerAngles>
      </Quaternion>
      <Quaternion>
        <x>-0.7351851</x>
        <y>-0.641418457</y>
        <z>-0.111983456</z>
        <w>0.188534051</w>
        <eulerAngles>
          <x>335.110382</x>
          <y>184.882126</y>
          <z>96.71529</z>
        </eulerAngles>
      </Quaternion>
      <Quaternion>
        <x>-0.6766161</x>
        <y>-0.7121714</y>
        <z>-0.101008706</z>
        <w>0.1574792</w>
        <eulerAngles>
          <x>339.085358</x>
          <y>185.38205</y>
          <z>86.0728455</z>
        </eulerAngles>
      </Quaternion>
      <Quaternion>
        <x>0</x>
        <y>0</y>
        <z>0</z>
        <w>1</w>
        <eulerAngles>
          <x>0</x>
          <y>0</y>
          <z>0</z>
        </eulerAngles>
      </Quaternion>
      <Quaternion>
        <x>0</x>
        <y>0</y>
        <z>0</z>
        <w>1</w>
        <eulerAngles>
          <x>0</x>
          <y>0</y>
          <z>0</z>
        </eulerAngles>
      </Quaternion>
      <Quaternion>
        <x>0</x>
        <y>0</y>
        <z>0</z>
        <w>1</w>
        <eulerAngles>
          <x>0</x>
          <y>0</y>
          <z>0</z>
        </eulerAngles>
      </Quaternion>
      <Quaternion>
        <x>0</x>
        <y>0</y>
        <z>0</z>
        <w>1</w>
        <eulerAngles>
          <x>0</x>
          <y>0</y>
          <z>0</z>
        </eulerAngles>
      </Quaternion>
      <Quaternion>
        <x>-0.727196038</x>
        <y>0.466615021</y>
        <z>0.442338675</z>
        <w>-0.2404014</w>
        <eulerAngles>
          <x>356.378448</x>
          <y>240.3913</y>
          <z>243.265717</z>
        </eulerAngles>
      </Quaternion>
      <Quaternion>
        <x>-0.7045533</x>
        <y>0.4896873</y>
        <z>0.453913927</z>
        <w>-0.240360111</w>
        <eulerAngles>
          <x>353.92337</x>
          <y>241.637558</y>
          <z>245.9738</z>
        </eulerAngles>
      </Quaternion>
      <Quaternion>
        <x>0</x>
        <y>0</y>
        <z>0</z>
        <w>1</w>
        <eulerAngles>
          <x>0</x>
          <y>0</y>
          <z>0</z>
        </eulerAngles>
      </Quaternion>
      <Quaternion>
        <x>0</x>
        <y>0</y>
        <z>0</z>
        <w>1</w>
        <eulerAngles>
          <x>0</x>
          <y>0</y>
          <z>0</z>
        </eulerAngles>
      </Quaternion>
      <Quaternion>
        <x>0</x>
        <y>0</y>
        <z>0</z>
        <w>1</w>
        <eulerAngles>
          <x>0</x>
          <y>0</y>
          <z>0</z>
        </eulerAngles>
      </Quaternion>
      <Quaternion>
        <x>-0.037675824</x>
        <y>0.05798427</y>
        <z>-0.09629774</z>
        <w>-0.9929477</w>
        <eulerAngles>
          <x>4.932827</x>
          <y>353.782928</y>
          <z>10.8105822</z>
        </eulerAngles>
      </Quaternion>
      <Quaternion>
        <x>0.04409012</x>
        <y>-0.053809803</y>
        <z>-0.00212482</z>
        <w>0.997575045</w>
        <eulerAngles>
          <x>5.03347445</x>
          <y>353.802124</y>
          <z>359.483246</z>
        </eulerAngles>
      </Quaternion>
      <Quaternion>
        <x>0</x>
        <y>0</y>
        <z>0</z>
        <w>1</w>
        <eulerAngles>
          <x>0</x>
          <y>0</y>
          <z>0</z>
        </eulerAngles>
      </Quaternion>
      <Quaternion>
        <x>0</x>
        <y>0</y>
        <z>0</z>
        <w>1</w>
        <eulerAngles>
          <x>0</x>
          <y>0</y>
          <z>0</z>
        </eulerAngles>
      </Quaternion>
      <Quaternion>
        <x>-0.198919922</x>
        <y>-0.0421569832</y>
        <z>0.06564387</z>
        <w>0.9769056</w>
        <eulerAngles>
          <x>337.473083</x>
          <y>353.255432</y>
          <z>9.033223</z>
        </eulerAngles>
      </Quaternion>
      <Quaternion>
        <x>-0.05055434</x>
        <y>-0.0331615</y>
        <z>0.0520623624</z>
        <w>0.996812</w>
        <eulerAngles>
          <x>354.414368</x>
          <y>355.887451</y>
          <z>6.180261</z>
        </eulerAngles>
      </Quaternion>
      <Quaternion>
        <x>0</x>
        <y>0</y>
        <z>0</z>
        <w>1</w>
        <eulerAngles>
          <x>0</x>
          <y>0</y>
          <z>0</z>
        </eulerAngles>
      </Quaternion>
      <Quaternion>
        <x>0</x>
        <y>0</y>
        <z>0</z>
        <w>1</w>
        <eulerAngles>
          <x>0</x>
          <y>0</y>
          <z>0</z>
        </eulerAngles>
      </Quaternion>
    </jointRotations>
    <isKeyFrame>true</isKeyFrame>
  </SnapshotClass>
</ArrayOfSnapshotClass>