<?xml version="1.0" encoding="utf-8"?>
<ArrayOfSnapshotClass xmlns:xsi="http://www.w3.org/2001/XMLSchema-instance" xmlns:xsd="http://www.w3.org/2001/XMLSchema">
  <SnapshotClass>
    <jointRotations>
      <Quaternion>
        <x>0</x>
        <y>0</y>
        <z>0</z>
        <w>0</w>
        <eulerAngles>
          <x>0</x>
          <y>0</y>
          <z>0</z>
        </eulerAngles>
      </Quaternion>
      <Quaternion>
        <x>0.002025108</x>
        <y>-0.08610746</y>
        <z>-0.0506491922</z>
        <w>0.994995534</w>
        <eulerAngles>
          <x>359.73114</x>
          <y>350.1215</y>
          <z>354.195129</z>
        </eulerAngles>
      </Quaternion>
      <Quaternion>
        <x>0.002025108</x>
        <y>-0.08610746</y>
        <z>-0.0506491922</z>
        <w>0.994995534</w>
        <eulerAngles>
          <x>359.73114</x>
          <y>350.1215</y>
          <z>354.195129</z>
        </eulerAngles>
      </Quaternion>
      <Quaternion>
        <x>-0.007512655</x>
        <y>-0.08582861</y>
        <z>-0.00352850487</z>
        <w>0.996275365</w>
        <eulerAngles>
          <x>359.107574</x>
          <y>350.1549</y>
          <z>359.671021</z>
        </eulerAngles>
      </Quaternion>
      <Quaternion>
        <x>0</x>
        <y>0</y>
        <z>0</z>
        <w>0</w>
        <eulerAngles>
          <x>0</x>
          <y>0</y>
          <z>0</z>
        </eulerAngles>
      </Quaternion>
      <Quaternion>
        <x>0</x>
        <y>0</y>
        <z>0</z>
        <w>0</w>
        <eulerAngles>
          <x>0</x>
          <y>0</y>
          <z>0</z>
        </eulerAngles>
      </Quaternion>
      <Quaternion>
        <x>0.071173</x>
        <y>-0.0286005624</y>
        <z>0.6672038</z>
        <w>0.740915358</w>
        <eulerAngles>
          <x>8.258019</x>
          <y>3.04634047</y>
          <z>84.22685</z>
        </eulerAngles>
      </Quaternion>
      <Quaternion>
        <x>-0.07955974</x>
        <y>0.141327441</y>
        <z>0.6776869</z>
        <w>0.717242837</w>
        <eulerAngles>
          <x>342.201019</x>
          <y>5.72015142</y>
          <z>85.85499</z>
        </eulerAngles>
      </Quaternion>
      <Quaternion>
        <x>0</x>
        <y>0</y>
        <z>0</z>
        <w>0</w>
        <eulerAngles>
          <x>0</x>
          <y>0</y>
          <z>0</z>
        </eulerAngles>
      </Quaternion>
      <Quaternion>
        <x>0</x>
        <y>0</y>
        <z>0</z>
        <w>0</w>
        <eulerAngles>
          <x>0</x>
          <y>0</y>
          <z>0</z>
        </eulerAngles>
      </Quaternion>
      <Quaternion>
        <x>0</x>
        <y>0</y>
        <z>0</z>
        <w>0</w>
        <eulerAngles>
          <x>0</x>
          <y>0</y>
          <z>0</z>
        </eulerAngles>
      </Quaternion>
      <Quaternion>
        <x>0</x>
        <y>0</y>
        <z>0</z>
        <w>0</w>
        <eulerAngles>
          <x>0</x>
          <y>0</y>
          <z>0</z>
        </eulerAngles>
      </Quaternion>
      <Quaternion>
        <x>0.203609258</x>
        <y>-0.0939138755</y>
        <z>-0.631245852</z>
        <w>0.7424636</w>
        <eulerAngles>
          <x>10.5899782</x>
          <y>336.2103</y>
          <z>277.0206</z>
        </eulerAngles>
      </Quaternion>
      <Quaternion>
        <x>0.0311418865</x>
        <y>-0.2851258</y>
        <z>-0.6625392</z>
        <w>0.6919359</w>
        <eulerAngles>
          <x>340.444641</x>
          <y>332.450073</y>
          <z>277.325073</z>
        </eulerAngles>
      </Quaternion>
      <Quaternion>
        <x>0</x>
        <y>0</y>
        <z>0</z>
        <w>0</w>
        <eulerAngles>
          <x>0</x>
          <y>0</y>
          <z>0</z>
        </eulerAngles>
      </Quaternion>
      <Quaternion>
        <x>0</x>
        <y>0</y>
        <z>0</z>
        <w>0</w>
        <eulerAngles>
          <x>0</x>
          <y>0</y>
          <z>0</z>
        </eulerAngles>
      </Quaternion>
      <Quaternion>
        <x>0</x>
        <y>0</y>
        <z>0</z>
        <w>0</w>
        <eulerAngles>
          <x>0</x>
          <y>0</y>
          <z>0</z>
        </eulerAngles>
      </Quaternion>
      <Quaternion>
        <x>-0.04385966</x>
        <y>-0.8021037</y>
        <z>0.0417319536</z>
        <w>0.594108164</w>
        <eulerAngles>
          <x>0.849838853</x>
          <y>253.104935</y>
          <z>6.889782</z>
        </eulerAngles>
      </Quaternion>
      <Quaternion>
        <x>0.08484415</x>
        <y>-0.8009398</y>
        <z>-0.09104137</z>
        <w>0.5856692</w>
        <eulerAngles>
          <x>357.3373</x>
          <y>252.678833</y>
          <z>345.947418</z>
        </eulerAngles>
      </Quaternion>
      <Quaternion>
        <x>0</x>
        <y>0</y>
        <z>0</z>
        <w>0</w>
        <eulerAngles>
          <x>0</x>
          <y>0</y>
          <z>0</z>
        </eulerAngles>
      </Quaternion>
      <Quaternion>
        <x>0</x>
        <y>0</y>
        <z>0</z>
        <w>0</w>
        <eulerAngles>
          <x>0</x>
          <y>0</y>
          <z>0</z>
        </eulerAngles>
      </Quaternion>
      <Quaternion>
        <x>-0.0180767346</x>
        <y>0.291687816</y>
        <z>-0.0208677165</z>
        <w>0.956115067</w>
        <eulerAngles>
          <x>358.716858</x>
          <y>33.9637871</y>
          <z>357.1075</z>
        </eulerAngles>
      </Quaternion>
      <Quaternion>
        <x>0.134629756</x>
        <y>0.2760681</y>
        <z>0.0174366739</z>
        <w>0.9515026</w>
        <eulerAngles>
          <x>14.2748537</x>
          <y>33.15743</y>
          <z>6.36958933</z>
        </eulerAngles>
      </Quaternion>
      <Quaternion>
        <x>0</x>
        <y>0</y>
        <z>0</z>
        <w>0</w>
        <eulerAngles>
          <x>0</x>
          <y>0</y>
          <z>0</z>
        </eulerAngles>
      </Quaternion>
      <Quaternion>
        <x>0</x>
        <y>0</y>
        <z>0</z>
        <w>0</w>
        <eulerAngles>
          <x>0</x>
          <y>0</y>
          <z>0</z>
        </eulerAngles>
      </Quaternion>
    </jointRotations>
    <isKeyFrame>true</isKeyFrame>
  </SnapshotClass>
  <SnapshotClass>
    <jointRotations>
      <Quaternion>
        <x>0</x>
        <y>0</y>
        <z>0</z>
        <w>0</w>
        <eulerAngles>
          <x>0</x>
          <y>0</y>
          <z>0</z>
        </eulerAngles>
      </Quaternion>
      <Quaternion>
        <x>-0.0006798969</x>
        <y>-0.107582472</y>
        <z>-0.03254931</z>
        <w>0.993663</w>
        <eulerAngles>
          <x>359.521332</x>
          <y>347.656952</y>
          <z>356.299438</z>
        </eulerAngles>
      </Quaternion>
      <Quaternion>
        <x>-0.0006798969</x>
        <y>-0.107582472</y>
        <z>-0.03254931</z>
        <w>0.993663</w>
        <eulerAngles>
          <x>359.521332</x>
          <y>347.656952</y>
          <z>356.299438</z>
        </eulerAngles>
      </Quaternion>
      <Quaternion>
        <x>-0.00309244543</x>
        <y>-0.107515678</y>
        <z>0.0154015841</z>
        <w>0.9940793</w>
        <eulerAngles>
          <x>359.837524</x>
          <y>347.6517</y>
          <z>1.79284191</z>
        </eulerAngles>
      </Quaternion>
      <Quaternion>
        <x>0</x>
        <y>0</y>
        <z>0</z>
        <w>0</w>
        <eulerAngles>
          <x>0</x>
          <y>0</y>
          <z>0</z>
        </eulerAngles>
      </Quaternion>
      <Quaternion>
        <x>0</x>
        <y>0</y>
        <z>0</z>
        <w>0</w>
        <eulerAngles>
          <x>0</x>
          <y>0</y>
          <z>0</z>
        </eulerAngles>
      </Quaternion>
      <Quaternion>
        <x>-0.483388126</x>
        <y>-0.0962871239</y>
        <z>-0.06691908</z>
        <w>0.8675175</w>
        <eulerAngles>
          <x>301.615845</x>
          <y>348.7394</y>
          <z>357.4833</z>
        </eulerAngles>
      </Quaternion>
      <Quaternion>
        <x>-0.444559127</x>
        <y>0.142712459</y>
        <z>-0.0694816858</z>
        <w>0.881574</w>
        <eulerAngles>
          <x>310.182648</x>
          <y>29.0598</y>
          <z>337.2617</z>
        </eulerAngles>
      </Quaternion>
      <Quaternion>
        <x>0</x>
        <y>0</y>
        <z>0</z>
        <w>0</w>
        <eulerAngles>
          <x>0</x>
          <y>0</y>
          <z>0</z>
        </eulerAngles>
      </Quaternion>
      <Quaternion>
        <x>0</x>
        <y>0</y>
        <z>0</z>
        <w>0</w>
        <eulerAngles>
          <x>0</x>
          <y>0</y>
          <z>0</z>
        </eulerAngles>
      </Quaternion>
      <Quaternion>
        <x>0</x>
        <y>0</y>
        <z>0</z>
        <w>0</w>
        <eulerAngles>
          <x>0</x>
          <y>0</y>
          <z>0</z>
        </eulerAngles>
      </Quaternion>
      <Quaternion>
        <x>0</x>
        <y>0</y>
        <z>0</z>
        <w>0</w>
        <eulerAngles>
          <x>0</x>
          <y>0</y>
          <z>0</z>
        </eulerAngles>
      </Quaternion>
      <Quaternion>
        <x>-0.7325287</x>
        <y>0.03541422</y>
        <z>0.08464393</z>
        <w>0.6745243</w>
        <eulerAngles>
          <x>276.167542</x>
          <y>225.199066</y>
          <z>144.554962</z>
        </eulerAngles>
      </Quaternion>
      <Quaternion>
        <x>-0.702279866</x>
        <y>-0.111267358</y>
        <z>0.1877197</z>
        <w>0.6776311</w>
        <eulerAngles>
          <x>294.494781</x>
          <y>268.458282</y>
          <z>97.88403</z>
        </eulerAngles>
      </Quaternion>
      <Quaternion>
        <x>0</x>
        <y>0</y>
        <z>0</z>
        <w>0</w>
        <eulerAngles>
          <x>0</x>
          <y>0</y>
          <z>0</z>
        </eulerAngles>
      </Quaternion>
      <Quaternion>
        <x>0</x>
        <y>0</y>
        <z>0</z>
        <w>0</w>
        <eulerAngles>
          <x>0</x>
          <y>0</y>
          <z>0</z>
        </eulerAngles>
      </Quaternion>
      <Quaternion>
        <x>0</x>
        <y>0</y>
        <z>0</z>
        <w>0</w>
        <eulerAngles>
          <x>0</x>
          <y>0</y>
          <z>0</z>
        </eulerAngles>
      </Quaternion>
      <Quaternion>
        <x>-0.0340945348</x>
        <y>-0.815417</y>
        <z>0.05496762</z>
        <w>0.575248957</w>
        <eulerAngles>
          <x>2.88992786</x>
          <y>250.575928</y>
          <z>6.834047</z>
        </eulerAngles>
      </Quaternion>
      <Quaternion>
        <x>0.08323093</x>
        <y>-0.8150394</y>
        <z>-0.08242075</z>
        <w>0.5674418</w>
        <eulerAngles>
          <x>357.7136</x>
          <y>249.958176</y>
          <z>346.738647</z>
        </eulerAngles>
      </Quaternion>
      <Quaternion>
        <x>0</x>
        <y>0</y>
        <z>0</z>
        <w>0</w>
        <eulerAngles>
          <x>0</x>
          <y>0</y>
          <z>0</z>
        </eulerAngles>
      </Quaternion>
      <Quaternion>
        <x>0</x>
        <y>0</y>
        <z>0</z>
        <w>0</w>
        <eulerAngles>
          <x>0</x>
          <y>0</y>
          <z>0</z>
        </eulerAngles>
      </Quaternion>
      <Quaternion>
        <x>-0.0207198225</x>
        <y>0.270430624</y>
        <z>0.0004751283</z>
        <w>0.962516367</w>
        <eulerAngles>
          <x>357.699371</x>
          <y>31.3985538</y>
          <z>359.409851</z>
        </eulerAngles>
      </Quaternion>
      <Quaternion>
        <x>0.0747413263</x>
        <y>0.266020179</y>
        <z>0.0255603679</z>
        <w>0.9607256</w>
        <eulerAngles>
          <x>7.470325</x>
          <y>31.2902641</y>
          <z>5.14285231</z>
        </eulerAngles>
      </Quaternion>
      <Quaternion>
        <x>0</x>
        <y>0</y>
        <z>0</z>
        <w>0</w>
        <eulerAngles>
          <x>0</x>
          <y>0</y>
          <z>0</z>
        </eulerAngles>
      </Quaternion>
      <Quaternion>
        <x>0</x>
        <y>0</y>
        <z>0</z>
        <w>0</w>
        <eulerAngles>
          <x>0</x>
          <y>0</y>
          <z>0</z>
        </eulerAngles>
      </Quaternion>
    </jointRotations>
    <isKeyFrame>true</isKeyFrame>
  </SnapshotClass>
  <SnapshotClass>
    <jointRotations>
      <Quaternion>
        <x>0</x>
        <y>0</y>
        <z>0</z>
        <w>0</w>
        <eulerAngles>
          <x>0</x>
          <y>0</y>
          <z>0</z>
        </eulerAngles>
      </Quaternion>
      <Quaternion>
        <x>-0.111653507</x>
        <y>-0.058307983</y>
        <z>0.0008346284</z>
        <w>0.9920348</w>
        <eulerAngles>
          <x>347.2069</x>
          <y>353.175842</y>
          <z>0.8623425</z>
        </eulerAngles>
      </Quaternion>
      <Quaternion>
        <x>-0.111653507</x>
        <y>-0.058307983</y>
        <z>0.0008346284</z>
        <w>0.9920348</w>
        <eulerAngles>
          <x>347.2069</x>
          <y>353.175842</y>
          <z>0.8623425</z>
        </eulerAngles>
      </Quaternion>
      <Quaternion>
        <x>-0.07645625</x>
        <y>-0.0580948144</y>
        <z>0.00420734333</z>
        <w>0.99537015</w>
        <eulerAngles>
          <x>351.273651</x>
          <y>353.2431</y>
          <z>1.00050843</z>
        </eulerAngles>
      </Quaternion>
      <Quaternion>
        <x>0</x>
        <y>0</y>
        <z>0</z>
        <w>0</w>
        <eulerAngles>
          <x>0</x>
          <y>0</y>
          <z>0</z>
        </eulerAngles>
      </Quaternion>
      <Quaternion>
        <x>0</x>
        <y>0</y>
        <z>0</z>
        <w>0</w>
        <eulerAngles>
          <x>0</x>
          <y>0</y>
          <z>0</z>
        </eulerAngles>
      </Quaternion>
      <Quaternion>
        <x>0</x>
        <y>0</y>
        <z>0</z>
        <w>0</w>
        <eulerAngles>
          <x>0</x>
          <y>0</y>
          <z>0</z>
        </eulerAngles>
      </Quaternion>
      <Quaternion>
        <x>0</x>
        <y>0</y>
        <z>0</z>
        <w>0</w>
        <eulerAngles>
          <x>0</x>
          <y>0</y>
          <z>0</z>
        </eulerAngles>
      </Quaternion>
      <Quaternion>
        <x>0</x>
        <y>0</y>
        <z>0</z>
        <w>0</w>
        <eulerAngles>
          <x>0</x>
          <y>0</y>
          <z>0</z>
        </eulerAngles>
      </Quaternion>
      <Quaternion>
        <x>0</x>
        <y>0</y>
        <z>0</z>
        <w>0</w>
        <eulerAngles>
          <x>0</x>
          <y>0</y>
          <z>0</z>
        </eulerAngles>
      </Quaternion>
      <Quaternion>
        <x>0</x>
        <y>0</y>
        <z>0</z>
        <w>0</w>
        <eulerAngles>
          <x>0</x>
          <y>0</y>
          <z>0</z>
        </eulerAngles>
      </Quaternion>
      <Quaternion>
        <x>0</x>
        <y>0</y>
        <z>0</z>
        <w>0</w>
        <eulerAngles>
          <x>0</x>
          <y>0</y>
          <z>0</z>
        </eulerAngles>
      </Quaternion>
      <Quaternion>
        <x>0</x>
        <y>0</y>
        <z>0</z>
        <w>0</w>
        <eulerAngles>
          <x>0</x>
          <y>0</y>
          <z>0</z>
        </eulerAngles>
      </Quaternion>
      <Quaternion>
        <x>0</x>
        <y>0</y>
        <z>0</z>
        <w>0</w>
        <eulerAngles>
          <x>0</x>
          <y>0</y>
          <z>0</z>
        </eulerAngles>
      </Quaternion>
      <Quaternion>
        <x>0</x>
        <y>0</y>
        <z>0</z>
        <w>0</w>
        <eulerAngles>
          <x>0</x>
          <y>0</y>
          <z>0</z>
        </eulerAngles>
      </Quaternion>
      <Quaternion>
        <x>0</x>
        <y>0</y>
        <z>0</z>
        <w>0</w>
        <eulerAngles>
          <x>0</x>
          <y>0</y>
          <z>0</z>
        </eulerAngles>
      </Quaternion>
      <Quaternion>
        <x>0</x>
        <y>0</y>
        <z>0</z>
        <w>0</w>
        <eulerAngles>
          <x>0</x>
          <y>0</y>
          <z>0</z>
        </eulerAngles>
      </Quaternion>
      <Quaternion>
        <x>0.07384683</x>
        <y>-0.782557</y>
        <z>-0.03585287</z>
        <w>0.6171433</w>
        <eulerAngles>
          <x>2.00772953</x>
          <y>256.358734</y>
          <z>350.7972</z>
        </eulerAngles>
      </Quaternion>
      <Quaternion>
        <x>-0.101996481</x>
        <y>-0.7768931</y>
        <z>0.07158377</z>
        <w>0.6171788</w>
        <eulerAngles>
          <x>359.1592</x>
          <y>256.8232</y>
          <z>14.2922106</z>
        </eulerAngles>
      </Quaternion>
      <Quaternion>
        <x>0</x>
        <y>0</y>
        <z>0</z>
        <w>0</w>
        <eulerAngles>
          <x>0</x>
          <y>0</y>
          <z>0</z>
        </eulerAngles>
      </Quaternion>
      <Quaternion>
        <x>0</x>
        <y>0</y>
        <z>0</z>
        <w>0</w>
        <eulerAngles>
          <x>0</x>
          <y>0</y>
          <z>0</z>
        </eulerAngles>
      </Quaternion>
      <Quaternion>
        <x>0.06747004</x>
        <y>0.314579934</y>
        <z>0.007717263</z>
        <w>0.9467987</w>
        <eulerAngles>
          <x>7.059828</x>
          <y>36.96219</y>
          <z>3.29625463</z>
        </eulerAngles>
      </Quaternion>
      <Quaternion>
        <x>-0.120054938</x>
        <y>0.3001021</y>
        <z>-0.009453624</z>
        <w>0.946274936</w>
        <eulerAngles>
          <x>347.200745</x>
          <y>35.7859</y>
          <z>354.707458</z>
        </eulerAngles>
      </Quaternion>
      <Quaternion>
        <x>0</x>
        <y>0</y>
        <z>0</z>
        <w>0</w>
        <eulerAngles>
          <x>0</x>
          <y>0</y>
          <z>0</z>
        </eulerAngles>
      </Quaternion>
      <Quaternion>
        <x>0</x>
        <y>0</y>
        <z>0</z>
        <w>0</w>
        <eulerAngles>
          <x>0</x>
          <y>0</y>
          <z>0</z>
        </eulerAngles>
      </Quaternion>
    </jointRotations>
    <isKeyFrame>true</isKeyFrame>
  </SnapshotClass>
  <SnapshotClass>
    <jointRotations>
      <Quaternion>
        <x>0</x>
        <y>0</y>
        <z>0</z>
        <w>0</w>
        <eulerAngles>
          <x>0</x>
          <y>0</y>
          <z>0</z>
        </eulerAngles>
      </Quaternion>
      <Quaternion>
        <x>-0.115728222</x>
        <y>-0.0745475143</y>
        <z>0.00209591328</z>
        <w>0.9904773</w>
        <eulerAngles>
          <x>346.76535</x>
          <y>351.2454</y>
          <z>1.26006258</z>
        </eulerAngles>
      </Quaternion>
      <Quaternion>
        <x>-0.115728222</x>
        <y>-0.0745475143</y>
        <z>0.00209591328</z>
        <w>0.9904773</w>
        <eulerAngles>
          <x>346.76535</x>
          <y>351.2454</y>
          <z>1.26006258</z>
        </eulerAngles>
      </Quaternion>
      <Quaternion>
        <x>-0.08399464</x>
        <y>-0.0745218</y>
        <z>0.00379665359</z>
        <w>0.993668437</w>
        <eulerAngles>
          <x>350.4238</x>
          <y>351.324432</y>
          <z>1.16591418</z>
        </eulerAngles>
      </Quaternion>
      <Quaternion>
        <x>0</x>
        <y>0</y>
        <z>0</z>
        <w>0</w>
        <eulerAngles>
          <x>0</x>
          <y>0</y>
          <z>0</z>
        </eulerAngles>
      </Quaternion>
      <Quaternion>
        <x>0</x>
        <y>0</y>
        <z>0</z>
        <w>0</w>
        <eulerAngles>
          <x>0</x>
          <y>0</y>
          <z>0</z>
        </eulerAngles>
      </Quaternion>
      <Quaternion>
        <x>-0.2984642</x>
        <y>0.6524718</y>
        <z>0.3782714</z>
        <w>0.5849021</w>
        <eulerAngles>
          <x>302.5665</x>
          <y>93.15236</y>
          <z>5.6532464</z>
        </eulerAngles>
      </Quaternion>
      <Quaternion>
        <x>-0.326343238</x>
        <y>0.6299879</y>
        <z>0.351255745</z>
        <w>0.6109294</w>
        <eulerAngles>
          <x>302.720337</x>
          <y>90.71755</y>
          <z>1.90834725</z>
        </eulerAngles>
      </Quaternion>
      <Quaternion>
        <x>0</x>
        <y>0</y>
        <z>0</z>
        <w>0</w>
        <eulerAngles>
          <x>0</x>
          <y>0</y>
          <z>0</z>
        </eulerAngles>
      </Quaternion>
      <Quaternion>
        <x>0</x>
        <y>0</y>
        <z>0</z>
        <w>0</w>
        <eulerAngles>
          <x>0</x>
          <y>0</y>
          <z>0</z>
        </eulerAngles>
      </Quaternion>
      <Quaternion>
        <x>0</x>
        <y>0</y>
        <z>0</z>
        <w>0</w>
        <eulerAngles>
          <x>0</x>
          <y>0</y>
          <z>0</z>
        </eulerAngles>
      </Quaternion>
      <Quaternion>
        <x>0</x>
        <y>0</y>
        <z>0</z>
        <w>0</w>
        <eulerAngles>
          <x>0</x>
          <y>0</y>
          <z>0</z>
        </eulerAngles>
      </Quaternion>
      <Quaternion>
        <x>0.524929941</x>
        <y>0.4545274</y>
        <z>0.5817396</z>
        <w>-0.423594654</w>
        <eulerAngles>
          <x>283.2077</x>
          <y>81.00904</y>
          <z>183.928467</z>
        </eulerAngles>
      </Quaternion>
      <Quaternion>
        <x>0.54394877</x>
        <y>0.4539646</y>
        <z>0.5643163</z>
        <w>-0.4237724</w>
        <eulerAngles>
          <x>283.249817</x>
          <y>90.98204</y>
          <z>176.101318</z>
        </eulerAngles>
      </Quaternion>
      <Quaternion>
        <x>0</x>
        <y>0</y>
        <z>0</z>
        <w>0</w>
        <eulerAngles>
          <x>0</x>
          <y>0</y>
          <z>0</z>
        </eulerAngles>
      </Quaternion>
      <Quaternion>
        <x>0</x>
        <y>0</y>
        <z>0</z>
        <w>0</w>
        <eulerAngles>
          <x>0</x>
          <y>0</y>
          <z>0</z>
        </eulerAngles>
      </Quaternion>
      <Quaternion>
        <x>0</x>
        <y>0</y>
        <z>0</z>
        <w>0</w>
        <eulerAngles>
          <x>0</x>
          <y>0</y>
          <z>0</z>
        </eulerAngles>
      </Quaternion>
      <Quaternion>
        <x>0.0743620247</x>
        <y>-0.7923974</y>
        <z>-0.03255223</z>
        <w>0.604580045</w>
        <eulerAngles>
          <x>2.196513</x>
          <y>254.511642</y>
          <z>350.948334</z>
        </eulerAngles>
      </Quaternion>
      <Quaternion>
        <x>-0.1133171</x>
        <y>-0.7853932</y>
        <z>0.07999427</z>
        <w>0.6032559</w>
        <eulerAngles>
          <x>359.366058</x>
          <y>254.9666</y>
          <z>15.9338751</z>
        </eulerAngles>
      </Quaternion>
      <Quaternion>
        <x>0</x>
        <y>0</y>
        <z>0</z>
        <w>0</w>
        <eulerAngles>
          <x>0</x>
          <y>0</y>
          <z>0</z>
        </eulerAngles>
      </Quaternion>
      <Quaternion>
        <x>0</x>
        <y>0</y>
        <z>0</z>
        <w>0</w>
        <eulerAngles>
          <x>0</x>
          <y>0</y>
          <z>0</z>
        </eulerAngles>
      </Quaternion>
      <Quaternion>
        <x>0.068037726</x>
        <y>0.298122436</y>
        <z>0.01967627</z>
        <w>0.951896369</w>
        <eulerAngles>
          <x>6.76502752</x>
          <y>35.04635</y>
          <z>4.50658941</z>
        </eulerAngles>
      </Quaternion>
      <Quaternion>
        <x>-0.101677328</x>
        <y>0.283946484</y>
        <z>-0.0142062875</z>
        <w>0.953328</w>
        <eulerAngles>
          <x>349.29245</x>
          <y>33.63649</y>
          <z>355.047424</z>
        </eulerAngles>
      </Quaternion>
      <Quaternion>
        <x>0</x>
        <y>0</y>
        <z>0</z>
        <w>0</w>
        <eulerAngles>
          <x>0</x>
          <y>0</y>
          <z>0</z>
        </eulerAngles>
      </Quaternion>
      <Quaternion>
        <x>0</x>
        <y>0</y>
        <z>0</z>
        <w>0</w>
        <eulerAngles>
          <x>0</x>
          <y>0</y>
          <z>0</z>
        </eulerAngles>
      </Quaternion>
    </jointRotations>
    <isKeyFrame>true</isKeyFrame>
  </SnapshotClass>
  <SnapshotClass>
    <jointRotations>
      <Quaternion>
        <x>0</x>
        <y>0</y>
        <z>0</z>
        <w>0</w>
        <eulerAngles>
          <x>0</x>
          <y>0</y>
          <z>0</z>
        </eulerAngles>
      </Quaternion>
      <Quaternion>
        <x>-0.0691179559</x>
        <y>-0.0249823183</y>
        <z>-0.0177716315</z>
        <w>0.9971373</w>
        <eulerAngles>
          <x>352.025757</x>
          <y>357.258636</y>
          <z>358.149017</z>
        </eulerAngles>
      </Quaternion>
      <Quaternion>
        <x>-0.0691179559</x>
        <y>-0.0249823183</y>
        <z>-0.0177716315</z>
        <w>0.9971373</w>
        <eulerAngles>
          <x>352.025757</x>
          <y>357.258636</y>
          <z>358.149017</z>
        </eulerAngles>
      </Quaternion>
      <Quaternion>
        <x>-0.0453629158</x>
        <y>-0.0248138867</y>
        <z>-0.008696387</z>
        <w>0.9986245</w>
        <eulerAngles>
          <x>354.777</x>
          <y>357.1929</y>
          <z>359.130219</z>
        </eulerAngles>
      </Quaternion>
      <Quaternion>
        <x>0</x>
        <y>0</y>
        <z>0</z>
        <w>0</w>
        <eulerAngles>
          <x>0</x>
          <y>0</y>
          <z>0</z>
        </eulerAngles>
      </Quaternion>
      <Quaternion>
        <x>0</x>
        <y>0</y>
        <z>0</z>
        <w>0</w>
        <eulerAngles>
          <x>0</x>
          <y>0</y>
          <z>0</z>
        </eulerAngles>
      </Quaternion>
      <Quaternion>
        <x>-0.520147443</x>
        <y>0.524109244</y>
        <z>-0.431731969</z>
        <w>0.518038332</w>
        <eulerAngles>
          <x>355.0456</x>
          <y>95.21119</y>
          <z>274.958344</z>
        </eulerAngles>
      </Quaternion>
      <Quaternion>
        <x>-0.4872555</x>
        <y>0.5602361</y>
        <z>-0.464457661</z>
        <w>0.4826973</w>
        <eulerAngles>
          <x>2.86702085</x>
          <y>95.89429</y>
          <z>275.384552</z>
        </eulerAngles>
      </Quaternion>
      <Quaternion>
        <x>0</x>
        <y>0</y>
        <z>0</z>
        <w>0</w>
        <eulerAngles>
          <x>0</x>
          <y>0</y>
          <z>0</z>
        </eulerAngles>
      </Quaternion>
      <Quaternion>
        <x>0</x>
        <y>0</y>
        <z>0</z>
        <w>0</w>
        <eulerAngles>
          <x>0</x>
          <y>0</y>
          <z>0</z>
        </eulerAngles>
      </Quaternion>
      <Quaternion>
        <x>0</x>
        <y>0</y>
        <z>0</z>
        <w>0</w>
        <eulerAngles>
          <x>0</x>
          <y>0</y>
          <z>0</z>
        </eulerAngles>
      </Quaternion>
      <Quaternion>
        <x>0</x>
        <y>0</y>
        <z>0</z>
        <w>0</w>
        <eulerAngles>
          <x>0</x>
          <y>0</y>
          <z>0</z>
        </eulerAngles>
      </Quaternion>
      <Quaternion>
        <x>0.6383158</x>
        <y>0.6621707</y>
        <z>0.292364717</z>
        <w>0.2619272</w>
        <eulerAngles>
          <x>356.973053</x>
          <y>133.852234</y>
          <z>89.18802</z>
        </eulerAngles>
      </Quaternion>
      <Quaternion>
        <x>0.5877241</x>
        <y>0.706394732</y>
        <z>0.297755957</z>
        <w>0.258704931</w>
        <eulerAngles>
          <x>353.3057</x>
          <y>133.91217</y>
          <z>82.37155</z>
        </eulerAngles>
      </Quaternion>
      <Quaternion>
        <x>0</x>
        <y>0</y>
        <z>0</z>
        <w>0</w>
        <eulerAngles>
          <x>0</x>
          <y>0</y>
          <z>0</z>
        </eulerAngles>
      </Quaternion>
      <Quaternion>
        <x>0</x>
        <y>0</y>
        <z>0</z>
        <w>0</w>
        <eulerAngles>
          <x>0</x>
          <y>0</y>
          <z>0</z>
        </eulerAngles>
      </Quaternion>
      <Quaternion>
        <x>0</x>
        <y>0</y>
        <z>0</z>
        <w>0</w>
        <eulerAngles>
          <x>0</x>
          <y>0</y>
          <z>0</z>
        </eulerAngles>
      </Quaternion>
      <Quaternion>
        <x>-0.0432249419</x>
        <y>0.9904105</y>
        <z>0.104784325</z>
        <w>0.0789867043</w>
        <eulerAngles>
          <x>347.620422</x>
          <y>171.3204</y>
          <z>355.94516</z>
        </eulerAngles>
      </Quaternion>
      <Quaternion>
        <x>0.0182024315</x>
        <y>0.990363955</y>
        <z>-0.102809832</z>
        <w>0.0909842253</w>
        <eulerAngles>
          <x>11.9437075</x>
          <y>169.608276</y>
          <z>1.01589262</z>
        </eulerAngles>
      </Quaternion>
      <Quaternion>
        <x>0</x>
        <y>0</y>
        <z>0</z>
        <w>0</w>
        <eulerAngles>
          <x>0</x>
          <y>0</y>
          <z>0</z>
        </eulerAngles>
      </Quaternion>
      <Quaternion>
        <x>0</x>
        <y>0</y>
        <z>0</z>
        <w>0</w>
        <eulerAngles>
          <x>0</x>
          <y>0</y>
          <z>0</z>
        </eulerAngles>
      </Quaternion>
      <Quaternion>
        <x>0.08157499</x>
        <y>0.334866047</y>
        <z>0.029856164</z>
        <w>0.9382531</w>
        <eulerAngles>
          <x>7.64763069</x>
          <y>39.7122574</y>
          <z>6.41054249</z>
        </eulerAngles>
      </Quaternion>
      <Quaternion>
        <x>-0.107441515</x>
        <y>0.316144854</y>
        <z>-0.00574504025</z>
        <w>0.942589939</w>
        <eulerAngles>
          <x>348.52655</x>
          <y>37.54629</y>
          <z>355.390167</z>
        </eulerAngles>
      </Quaternion>
      <Quaternion>
        <x>0</x>
        <y>0</y>
        <z>0</z>
        <w>0</w>
        <eulerAngles>
          <x>0</x>
          <y>0</y>
          <z>0</z>
        </eulerAngles>
      </Quaternion>
      <Quaternion>
        <x>0</x>
        <y>0</y>
        <z>0</z>
        <w>0</w>
        <eulerAngles>
          <x>0</x>
          <y>0</y>
          <z>0</z>
        </eulerAngles>
      </Quaternion>
    </jointRotations>
    <isKeyFrame>true</isKeyFrame>
  </SnapshotClass>
  <SnapshotClass>
    <jointRotations>
      <Quaternion>
        <x>0</x>
        <y>0</y>
        <z>0</z>
        <w>0</w>
        <eulerAngles>
          <x>0</x>
          <y>0</y>
          <z>0</z>
        </eulerAngles>
      </Quaternion>
      <Quaternion>
        <x>-0.0365344</x>
        <y>-0.0596617647</y>
        <z>-0.0173372775</z>
        <w>0.9973992</w>
        <eulerAngles>
          <x>355.7018</x>
          <y>353.218781</y>
          <z>358.2631</z>
        </eulerAngles>
      </Quaternion>
      <Quaternion>
        <x>-0.0365344</x>
        <y>-0.0596617647</y>
        <z>-0.0173372775</z>
        <w>0.9973992</w>
        <eulerAngles>
          <x>355.7018</x>
          <y>353.218781</y>
          <z>358.2631</z>
        </eulerAngles>
      </Quaternion>
      <Quaternion>
        <x>-0.028656207</x>
        <y>-0.0597082637</y>
        <z>-0.014375573</z>
        <w>0.9977009</w>
        <eulerAngles>
          <x>356.6235</x>
          <y>353.1931</y>
          <z>358.5499</z>
        </eulerAngles>
      </Quaternion>
      <Quaternion>
        <x>0</x>
        <y>0</y>
        <z>0</z>
        <w>0</w>
        <eulerAngles>
          <x>0</x>
          <y>0</y>
          <z>0</z>
        </eulerAngles>
      </Quaternion>
      <Quaternion>
        <x>0</x>
        <y>0</y>
        <z>0</z>
        <w>0</w>
        <eulerAngles>
          <x>0</x>
          <y>0</y>
          <z>0</z>
        </eulerAngles>
      </Quaternion>
      <Quaternion>
        <x>-0.09871534</x>
        <y>-0.0757435</y>
        <z>0.6881942</z>
        <w>0.7147776</w>
        <eulerAngles>
          <x>357.887238</x>
          <y>345.858582</y>
          <z>88.09109</z>
        </eulerAngles>
      </Quaternion>
      <Quaternion>
        <x>-0.146761417</x>
        <y>-0.0280211829</y>
        <z>0.663844168</z>
        <w>0.732793868</w>
        <eulerAngles>
          <x>349.753235</x>
          <y>346.12854</y>
          <z>85.59716</z>
        </eulerAngles>
      </Quaternion>
      <Quaternion>
        <x>0</x>
        <y>0</y>
        <z>0</z>
        <w>0</w>
        <eulerAngles>
          <x>0</x>
          <y>0</y>
          <z>0</z>
        </eulerAngles>
      </Quaternion>
      <Quaternion>
        <x>0</x>
        <y>0</y>
        <z>0</z>
        <w>0</w>
        <eulerAngles>
          <x>0</x>
          <y>0</y>
          <z>0</z>
        </eulerAngles>
      </Quaternion>
      <Quaternion>
        <x>0</x>
        <y>0</y>
        <z>0</z>
        <w>0</w>
        <eulerAngles>
          <x>0</x>
          <y>0</y>
          <z>0</z>
        </eulerAngles>
      </Quaternion>
      <Quaternion>
        <x>0</x>
        <y>0</y>
        <z>0</z>
        <w>0</w>
        <eulerAngles>
          <x>0</x>
          <y>0</y>
          <z>0</z>
        </eulerAngles>
      </Quaternion>
      <Quaternion>
        <x>0.55885607</x>
        <y>-0.541339159</y>
        <z>-0.428250432</z>
        <w>0.459601372</w>
        <eulerAngles>
          <x>2.86854076</x>
          <y>257.819</y>
          <z>270.491272</z>
        </eulerAngles>
      </Quaternion>
      <Quaternion>
        <x>0.5102994</x>
        <y>-0.5860365</y>
        <z>-0.33685258</z>
        <w>0.5316825</w>
        <eulerAngles>
          <x>8.500538</x>
          <y>257.87796</y>
          <z>284.776642</z>
        </eulerAngles>
      </Quaternion>
      <Quaternion>
        <x>0</x>
        <y>0</y>
        <z>0</z>
        <w>0</w>
        <eulerAngles>
          <x>0</x>
          <y>0</y>
          <z>0</z>
        </eulerAngles>
      </Quaternion>
      <Quaternion>
        <x>0</x>
        <y>0</y>
        <z>0</z>
        <w>0</w>
        <eulerAngles>
          <x>0</x>
          <y>0</y>
          <z>0</z>
        </eulerAngles>
      </Quaternion>
      <Quaternion>
        <x>0</x>
        <y>0</y>
        <z>0</z>
        <w>0</w>
        <eulerAngles>
          <x>0</x>
          <y>0</y>
          <z>0</z>
        </eulerAngles>
      </Quaternion>
      <Quaternion>
        <x>-0.0107487636</x>
        <y>0.9919857</y>
        <z>0.015860403</z>
        <w>0.12488921</w>
        <eulerAngles>
          <x>358.042877</x>
          <y>165.665634</y>
          <z>359.004517</z>
        </eulerAngles>
      </Quaternion>
      <Quaternion>
        <x>0.057971783</x>
        <y>0.986824036</y>
        <z>-0.07649576</z>
        <w>0.130253792</w>
        <eulerAngles>
          <x>9.559852</x>
          <y>165.421783</y>
          <z>5.49845076</z>
        </eulerAngles>
      </Quaternion>
      <Quaternion>
        <x>0</x>
        <y>0</y>
        <z>0</z>
        <w>0</w>
        <eulerAngles>
          <x>0</x>
          <y>0</y>
          <z>0</z>
        </eulerAngles>
      </Quaternion>
      <Quaternion>
        <x>0</x>
        <y>0</y>
        <z>0</z>
        <w>0</w>
        <eulerAngles>
          <x>0</x>
          <y>0</y>
          <z>0</z>
        </eulerAngles>
      </Quaternion>
      <Quaternion>
        <x>0.04123858</x>
        <y>0.302671731</y>
        <z>0.0182041172</z>
        <w>0.9520283</w>
        <eulerAngles>
          <x>3.87045646</x>
          <y>35.38912</y>
          <z>3.426122</z>
        </eulerAngles>
      </Quaternion>
      <Quaternion>
        <x>-0.1145203</x>
        <y>0.289382458</y>
        <z>-0.0106228432</z>
        <w>0.950278938</w>
        <eulerAngles>
          <x>347.7895</x>
          <y>34.41672</y>
          <z>354.924377</z>
        </eulerAngles>
      </Quaternion>
      <Quaternion>
        <x>0</x>
        <y>0</y>
        <z>0</z>
        <w>0</w>
        <eulerAngles>
          <x>0</x>
          <y>0</y>
          <z>0</z>
        </eulerAngles>
      </Quaternion>
      <Quaternion>
        <x>0</x>
        <y>0</y>
        <z>0</z>
        <w>0</w>
        <eulerAngles>
          <x>0</x>
          <y>0</y>
          <z>0</z>
        </eulerAngles>
      </Quaternion>
    </jointRotations>
    <isKeyFrame>true</isKeyFrame>
  </SnapshotClass>
</ArrayOfSnapshotClass>